,City,Cloudiness,Country,Date,Humidity,Lat,Lng,Max Temp,Wind Speed
0,Saint George,40,GR,1574712640,93,39.45,22.34,53.6,3.62
1,Airai,18,TL,1574712641,93,-8.93,125.41,65.23,2.89
2,Stepnyak,29,KZ,1574712642,92,52.83,70.79,2.86,4.63
3,Karpogory,100,RU,1574712643,92,64.0,44.44,23.29,7.27
4,Chicama,75,PE,1574712644,77,-7.84,-79.15,69.8,14.99
5,Do Gonbadan,40,IR,1574712645,62,30.36,50.8,57.2,1.21
6,Port Pirie,32,AU,1574712646,54,-33.18,138.01,57.2,19.46
7,Kidal,0,ML,1574712647,12,18.44,1.41,77.5,11.99
8,Sinnamary,87,GF,1574712649,81,5.38,-52.96,82.6,12.86
9,Kodiak,1,US,1574712650,45,39.95,-94.76,57.2,12.75
10,Bambous Virieux,75,MU,1574712651,88,-20.34,57.76,78.8,11.41
11,Bethel,75,US,1574712525,85,60.79,-161.76,24.8,14.99
12,Puerto Leguizamo,22,CO,1574712653,75,-0.19,-74.78,84.04,3.91
13,Boca do Acre,63,BR,1574712654,44,-8.76,-67.39,92.61,3.6
14,Sarangani,97,PH,1574712655,75,5.4,125.46,81.48,3.4
15,Provideniya,90,RU,1574712656,86,64.42,-173.23,30.2,20.13
16,Bredasdorp,0,ZA,1574712657,72,-34.53,20.04,64.4,12.75
17,Vila Franca do Campo,75,PT,1574712658,72,37.72,-25.43,66.2,20.8
18,Cayenne,72,GF,1574712659,83,4.94,-52.33,80.6,12.75
19,Clyde River,90,CA,1574712660,92,70.47,-68.59,15.8,8.05
20,Cape Town,0,ZA,1574712429,77,-33.93,18.42,66.99,12.75
21,Tiksi,17,RU,1574712662,90,71.64,128.87,-30.46,8.57
22,Kollo,0,NE,1574712664,13,13.34,2.32,91.4,4.7
23,Puerto Ayora,20,EC,1574712665,48,-0.74,-90.35,86.0,17.22
24,Partinico,20,IT,1574712666,93,38.04,13.12,59.0,6.93
25,Hithadhoo,81,MV,1574712668,80,-0.6,73.08,83.01,15.68
26,Chuy,100,UY,1574712669,69,-33.69,-53.46,67.82,14.47
27,Shuangcheng,2,CN,1574712670,66,45.37,126.3,19.99,11.18
28,Buraydah,0,SA,1574712671,88,26.33,43.97,64.4,5.82
29,Mahebourg,75,MU,1574712672,88,-20.41,57.7,78.8,11.41
30,Hilo,90,US,1574712673,83,19.71,-155.08,79.0,7.94
31,Komsomolskiy,100,RU,1574712674,93,67.55,63.78,12.04,16.02
32,Hobart,75,AU,1574712431,93,-42.88,147.33,53.01,8.05
33,Mataura,45,NZ,1574712676,62,-46.19,168.86,64.0,8.01
34,Guaruja,75,BR,1574712677,64,-23.99,-46.26,73.4,8.05
35,Punta Arenas,90,CL,1574712678,87,-53.16,-70.91,46.4,13.87
36,Saskylakh,94,RU,1574712680,96,71.97,114.09,-14.98,10.02
37,Yarkovo,40,RU,1574712681,84,54.81,82.6,5.0,4.47
38,Diffa,39,NE,1574712682,20,13.32,12.61,78.8,4.85
39,Lyndon,1,US,1574712683,44,38.61,-95.68,60.8,11.41
40,Ushuaia,75,AR,1574712684,58,-54.81,-68.31,55.4,11.41
41,Evensk,100,RU,1574712685,86,61.92,159.24,-6.0,15.52
42,Ewa Beach,75,US,1574712555,65,21.32,-158.01,84.0,13.87
43,Broome,90,GB,1574712687,87,52.47,1.45,51.8,10.29
44,La Ronge,90,CA,1574712688,73,55.1,-105.3,23.0,12.75
45,Olbia,40,IT,1574712689,93,40.92,9.49,57.2,6.93
46,Kingaroy,90,AU,1574712690,77,-26.54,151.84,70.0,6.93
47,Hasaki,75,JP,1574712691,93,35.73,140.83,46.99,16.11
48,Rikitea,98,PF,1574712692,70,-23.12,-134.97,72.14,14.32
49,Xacmaz,33,AZ,1574712693,79,41.46,48.81,49.41,14.72
50,Albany,90,US,1574712613,61,42.65,-73.75,48.2,4.7
51,Saint-Philippe,75,CA,1574712695,90,45.36,-73.48,43.0,8.05
52,Busselton,1,AU,1574712697,46,-33.64,115.35,55.99,9.8
53,Icod de los Vinos,75,ES,1574712698,87,28.37,-16.71,69.8,3.36
54,Vaini,1,IN,1574712699,85,15.34,74.49,66.87,8.19
55,Port Hedland,0,AU,1574712700,94,-20.31,118.58,78.8,5.82
56,Adrar,0,DZ,1574712701,29,27.87,-0.29,66.2,6.93
57,Bathsheba,40,BB,1574712702,79,13.22,-59.52,84.2,18.34
58,Guerrero Negro,100,MX,1574712703,67,27.97,-114.04,66.13,8.7
59,Vardo,1,US,1574712704,72,39.62,-77.74,57.2,6.93
60,Cherskiy,100,RU,1574712706,94,68.75,161.3,-8.48,5.88
61,Bonga,48,ET,1574712707,98,7.26,36.25,56.21,1.07
62,Severo-Kurilsk,87,RU,1574712708,78,50.68,156.12,18.91,31.07
63,Palana,100,RU,1574712709,94,59.08,159.95,14.95,8.99
64,Port Macquarie,90,AU,1574712518,100,-31.43,152.91,66.2,6.93
65,Jamestown,16,AU,1574712711,58,-33.21,138.6,47.48,16.96
66,Dikson,100,RU,1574712712,85,73.51,80.55,3.88,7.9
67,Constitucion,90,MX,1574712713,16,23.99,-104.67,73.4,6.08
68,Imbituba,20,BR,1574712714,50,-28.24,-48.67,77.0,17.22
69,Bluff,7,AU,1574712715,72,-23.58,149.07,73.29,10.2
70,Butaritari,100,KI,1574712716,74,3.07,172.79,84.2,7.14
71,Alofi,90,NU,1574712717,94,-19.06,-169.92,73.4,6.93
72,Castro,75,CL,1574712718,76,-42.48,-73.76,51.8,12.75
73,Kapaa,40,US,1574712719,78,22.08,-159.32,80.6,3.36
74,Port Alfred,36,ZA,1574712720,87,-33.59,26.89,66.99,5.99
75,Lebu,62,ET,1574712722,92,8.96,38.73,54.14,1.54
76,Mizan Teferi,94,ET,1574712723,96,6.99,35.58,61.23,2.55
77,Nusaybin,12,TR,1574712724,30,37.08,41.21,44.6,9.17
78,Atuona,1,PF,1574712725,73,-9.8,-139.03,79.93,15.84
79,College,90,US,1574712726,92,64.86,-147.8,15.8,6.93
80,Qaanaaq,100,GL,1574712729,95,77.48,-69.36,15.08,1.43
81,Kortkeros,20,RU,1574712730,92,61.81,51.56,10.4,6.71
82,Yanam,0,IN,1574712731,79,16.73,82.22,73.8,5.17
83,Banikoara,0,BJ,1574712732,18,11.3,2.44,81.73,2.17
84,Alice Springs,100,AU,1574712734,29,-23.7,133.88,78.8,8.05
85,Oslob,74,PH,1574712735,76,9.52,123.43,81.9,8.63
86,Chokurdakh,100,RU,1574712736,99,70.62,147.9,-31.13,6.6
87,Gat,0,SN,1574712737,57,14.69,-16.54,93.2,13.87
88,Norman Wells,90,CA,1574712738,92,65.28,-126.83,12.2,13.87
89,Oistins,40,BB,1574712739,79,13.07,-59.53,84.2,18.34
90,Port Hardy,40,CA,1574712740,81,50.7,-127.42,42.8,10.29
91,Luderitz,0,NA,1574712741,60,-26.65,15.16,66.27,27.67
92,Rivadavia,0,AR,1574712742,21,-31.53,-68.59,84.76,15.84
93,Cidreira,0,BR,1574712743,73,-30.17,-50.22,69.12,28.83
94,Ambilobe,95,MG,1574712744,83,-13.19,49.05,76.89,7.25
95,Kaitangata,98,NZ,1574712745,72,-46.28,169.85,55.2,8.55
96,Mana,0,NG,1574712746,19,13.03,5.27,80.8,5.46
97,Kingisepp,100,RU,1574712747,65,59.38,28.61,26.01,5.59
98,Lyuban,100,BY,1574712749,56,52.8,28.0,27.86,8.34
99,Zanesville,1,US,1574712487,58,39.94,-82.01,55.99,6.93
100,Aswan,0,EG,1574712751,28,24.09,32.9,67.42,1.99
101,Hattiesburg,1,US,1574712752,48,31.33,-89.29,66.99,8.05
102,Murray Bridge,5,AU,1574712753,56,-35.12,139.28,55.99,5.01
103,Mazamari,63,PE,1574712754,45,-11.33,-74.53,79.2,3.24
104,Ancud,75,CL,1574712755,76,-41.87,-73.83,51.8,12.75
105,Oromocto,40,CA,1574712757,83,45.85,-66.47,37.0,11.41
106,Maku,0,IR,1574712759,73,39.29,44.45,27.86,1.12
107,Port Stanley,75,CA,1574712760,81,42.67,-81.22,45.0,9.17
108,Clifton,75,US,1574712742,53,40.86,-74.16,54.0,5.77
109,Khatanga,100,RU,1574712762,97,71.98,102.47,-6.93,7.23
110,Krasnaya Gora,90,RU,1574712763,79,53.01,31.6,28.4,11.18
111,Srednekolymsk,100,RU,1574712764,97,67.46,153.71,-19.84,11.9
112,Newcastle,0,AU,1574712765,93,-32.93,151.78,73.0,3.36
113,Beruwala,18,LK,1574712766,87,6.48,79.98,76.98,4.52
114,Havre-Saint-Pierre,90,CA,1574712768,100,50.23,-63.6,33.8,10.29
115,Thompson,90,CA,1574712769,85,55.74,-97.86,21.2,6.93
116,Hofn,61,IS,1574712770,60,64.25,-15.21,39.2,13.87
117,Mandera,100,ET,1574712771,85,3.94,41.86,73.67,16.71
118,Sabang,83,PH,1574712772,97,13.8,121.11,75.99,7.56
119,Inhambane,20,MZ,1574712774,88,-23.87,35.38,78.8,7.56
120,Saint-Prosper,100,CA,1574712775,90,46.21,-70.48,34.0,9.98
121,Barrow,100,AR,1574712776,83,-38.31,-60.23,61.75,8.77
122,Ribeira Grande,40,PT,1574712778,68,38.52,-28.7,66.2,26.4
123,Coahuayana,40,MX,1574712779,59,18.62,-100.35,86.32,1.32
124,Ayan,0,IR,1574712780,59,38.23,44.7,25.93,2.68
125,Torbay,90,CA,1574712781,100,47.66,-52.73,39.99,21.92
126,Rio Grande,40,BR,1574712782,61,-32.03,-52.1,77.0,18.34
127,Pevek,100,RU,1574712784,75,69.7,170.27,2.84,4.23
128,Yerbogachen,83,RU,1574712785,94,61.28,108.01,-18.78,9.82
129,Kieta,68,PG,1574712786,71,-6.22,155.63,80.38,10.92
130,Pingliang,71,CN,1574712787,93,35.54,106.68,24.93,1.32
131,Faanui,100,PF,1574712788,76,-16.48,-151.75,82.09,9.69
132,Puerto Carreno,40,CO,1574712790,52,6.19,-67.49,93.2,8.05
133,Tonantins,100,BR,1574712794,92,-2.86,-67.77,82.85,0.49
134,Victoria,75,BN,1574712729,88,5.28,115.24,77.0,3.36
135,Itarema,0,BR,1574712796,75,-2.92,-39.92,79.21,8.55
136,Tasiilaq,0,GL,1574712797,63,65.61,-37.64,28.4,4.7
137,Troutdale,90,US,1574712582,70,45.53,-122.39,50.0,12.75
138,Roros,75,NO,1574712799,100,62.57,11.38,30.2,3.36
139,Aklavik,90,CA,1574712800,84,68.22,-135.01,8.6,5.82
140,Santa Isabel do Rio Negro,100,BR,1574712801,55,-0.41,-65.02,91.67,2.64
141,Agadez,0,NE,1574712802,15,16.97,7.99,81.1,5.19
142,Elliot Lake,40,CA,1574712804,81,46.37,-82.65,42.8,11.41
143,Santa Isabel,20,MX,1574712805,26,32.63,-115.58,71.6,10.29
144,Juneau,75,US,1574712806,96,58.3,-134.42,37.0,6.93
145,Ciudad del Maiz,1,MX,1574712807,37,22.4,-99.6,81.0,3.0
146,Husavik,100,CA,1574712808,93,50.56,-96.99,32.0,5.99
147,Carnarvon,0,ZA,1574712809,13,-30.97,22.13,66.06,11.63
148,Makaha,75,US,1574712810,65,21.47,-158.22,84.0,13.87
149,Sulangan,100,PH,1574712811,75,11.14,123.72,83.03,15.35
150,Osoyoos,90,CA,1574712812,80,49.03,-119.47,42.8,4.65
151,San Patricio,0,PY,1574712814,40,-26.98,-56.83,94.44,5.55
152,Upernavik,100,GL,1574712815,73,72.79,-56.15,31.82,12.82
153,Touros,20,BR,1574712816,58,-5.2,-35.46,86.0,18.34
154,Kloulklubed,18,PW,1574712818,76,7.04,134.26,83.14,6.89
155,Haines Junction,100,CA,1574712819,95,60.75,-137.51,7.83,4.72
156,Arraial do Cabo,40,BR,1574712820,44,-22.97,-42.02,80.6,9.17
157,Wieliczka,90,PL,1574712821,93,49.98,20.06,37.99,8.05
158,Saint-Michel-des-Saints,100,CA,1574712822,7,46.68,-73.92,37.99,6.53
159,Vostok,4,RU,1574712824,94,46.45,135.83,-3.71,4.99
160,Bisira,100,PA,1574712825,76,8.52,-81.71,74.41,10.09
161,San Quintin,62,PH,1574712826,79,17.54,120.52,72.68,4.97
162,Kuito,100,AO,1574712827,90,-12.38,16.94,62.67,2.53
163,Isabela,41,PH,1574712828,87,10.2,122.99,71.22,4.5
164,Avarua,100,CK,1574712754,83,-21.21,-159.78,77.0,11.41
165,Esperance,40,AU,1574712830,81,-33.86,121.89,48.2,3.36
166,New Norfolk,75,AU,1574712831,93,-42.78,147.06,54.0,8.05
167,Hamilton,90,CA,1574712686,81,43.26,-79.87,48.0,9.17
168,Kampot,20,KH,1574712833,88,10.62,104.18,75.2,5.39
169,Lagoa,75,PT,1574712834,100,37.14,-8.45,61.0,6.93
170,Acapulco,5,MX,1574712835,74,16.86,-99.88,86.0,8.05
171,Ilhabela,45,BR,1574712577,70,-23.78,-45.36,69.98,17.22
172,Nome,90,US,1574712840,69,30.04,-94.42,78.01,14.99
173,Nyagan,100,RU,1574712842,96,62.14,65.43,5.11,9.73
174,Pak Thong Chai,19,TH,1574712843,78,14.73,102.02,63.59,2.75
175,Taveta,75,TZ,1574712844,94,-3.4,37.68,69.8,3.96
176,Buliwao,89,PH,1574712845,95,16.48,121.23,63.28,5.91
177,Piacabucu,8,BR,1574712846,80,-10.41,-36.43,78.66,8.88
178,Karratha,0,AU,1574712847,65,-20.74,116.85,80.55,7.14
179,Vanimo,100,PG,1574712848,80,-2.67,141.3,83.53,19.06
180,Kamenka,100,MD,1574712849,91,48.03,28.7,30.99,1.99
181,Daud Khel,0,PK,1574712850,51,32.58,71.54,62.64,4.85
182,Sasina,90,BA,1574712851,100,44.8,16.74,42.8,3.36
183,Mayo,90,CA,1574712852,85,63.59,-135.9,19.4,5.82
184,Burns Lake,81,CA,1574712853,62,54.23,-125.76,30.09,5.41
185,Nikolskoye,40,RU,1574712854,85,59.7,30.79,24.01,2.24
186,Tessalit,0,ML,1574712856,13,20.2,1.01,72.95,10.54
187,Linkou,41,CN,1574712857,90,45.29,130.27,4.71,3.89
188,Tambovka,0,RU,1574712858,60,47.32,47.38,23.13,9.08
189,Saint-Joseph,27,FR,1574712859,93,43.56,6.97,57.99,3.36
190,Lompoc,1,US,1574712860,68,34.64,-120.46,70.0,5.82
191,Coihaique,75,CL,1574712861,58,-45.58,-72.07,53.6,8.05
192,Taoudenni,0,ML,1574712862,35,22.68,-3.98,71.56,5.41
193,Chumikan,0,RU,1574712863,71,54.72,135.31,-1.79,15.01
194,Raudeberg,75,NO,1574712864,87,61.99,5.14,42.8,4.7
195,Porbandar,0,IN,1574712716,63,21.64,69.61,79.99,11.52
196,Kaeo,100,NZ,1574712867,100,-35.1,173.78,64.99,7.52
197,Longyearbyen,75,NO,1574712868,72,78.22,15.63,15.8,13.87
198,Hermanus,0,ZA,1574712869,89,-34.42,19.24,62.01,3.0
199,Beaverlodge,20,CA,1574712870,48,55.21,-119.43,32.0,11.41
200,Mehamn,75,NO,1574712871,80,71.03,27.85,33.8,4.7
201,Bandarbeyla,100,SO,1574712872,77,9.49,50.81,80.33,20.36
202,Pilar,75,AR,1574712873,82,-34.46,-58.91,78.01,10.29
203,Yellowknife,75,CA,1574712694,77,62.45,-114.38,1.99,9.17
204,Praia da Vitoria,20,PT,1574712875,82,38.73,-27.07,62.6,22.17
205,Pavlovka,100,RU,1574712876,43,52.69,47.13,19.56,2.73
206,Ilulissat,40,GL,1574712877,42,69.22,-51.1,30.2,4.7
207,Punta Cardon,100,VE,1574712878,72,11.61,-70.22,84.56,28.16
208,Aras,20,ES,1574712879,93,42.56,-2.36,52.0,3.36
209,Flinders,0,AU,1574712880,100,-34.58,150.85,75.0,6.93
210,Shelburne,75,CA,1574712882,75,44.08,-80.2,46.4,3.36
211,Marzuq,2,YE,1574712883,67,14.4,46.47,67.91,4.18
212,Kamaishi,7,JP,1574712884,69,39.28,141.86,34.61,5.95
213,Aksu,90,KZ,1574712885,92,52.04,76.93,8.6,4.47
214,Faya,11,SA,1574712886,81,18.39,42.45,57.2,8.19
215,Piedra Gorda,96,EC,1574712887,67,-0.75,-80.04,80.82,4.92
216,Teya,75,MX,1574712888,51,21.05,-89.07,88.0,6.93
217,Baculin,48,PH,1574712889,86,7.45,126.58,71.65,4.23
218,Dunedin,47,NZ,1574712592,67,-45.87,170.5,64.99,1.99
219,Seoul,75,KR,1574712789,100,37.57,126.98,35.6,2.24
220,Norman,1,US,1574712892,36,35.22,-97.44,66.99,4.7
221,Georgetown,40,GY,1574712816,66,6.8,-58.16,89.6,11.41
222,Sioux Lookout,90,CA,1574712895,86,50.1,-91.92,26.6,14.99
223,Batticaloa,24,LK,1574712896,94,7.71,81.69,73.81,0.58
224,Bilma,12,NE,1574712897,18,18.69,12.92,78.33,7.23
225,George Town,20,MY,1574712849,83,5.42,100.33,78.8,4.7
226,Sadiqabad,0,PK,1574712899,33,28.31,70.13,65.88,6.98
227,Gallup,1,US,1574712900,25,35.53,-108.74,51.8,20.8
228,Blagoyevo,100,RU,1574712901,93,63.37,47.92,14.34,6.64
229,Coquimbo,0,CL,1574712903,49,-29.95,-71.34,71.6,16.11
230,Miyang,100,CN,1574712904,96,24.4,103.44,51.19,2.98
231,Geraldton,90,CA,1574712905,85,49.72,-86.95,24.8,9.17
232,Carutapera,9,BR,1574712906,77,-1.2,-46.02,82.63,16.78
233,Mount Gambier,75,AU,1574712907,93,-37.83,140.78,46.4,8.05
234,Kibre Mengist,100,ET,1574712908,96,5.87,38.99,59.72,0.51
235,Mar del Plata,90,AR,1574712909,24,-46.43,-67.52,68.65,20.47
236,Nanortalik,0,GL,1574712910,51,60.14,-45.24,34.57,5.88
237,Champaign,1,US,1574712911,58,40.12,-88.24,60.01,18.34
238,Ostrovnoy,88,RU,1574712912,95,68.05,39.51,25.84,13.91
239,Porto Velho,40,BR,1574712913,52,-8.75,-63.87,91.4,4.7
240,Sisimiut,32,GL,1574712914,69,66.94,-53.67,27.84,8.97
241,Kokoda,79,PG,1574712915,86,-8.88,147.74,61.36,1.12
242,Mahon,40,IE,1574712916,100,51.89,-8.4,48.99,8.05
243,Balabac,75,PH,1574712917,82,7.99,117.06,80.28,6.33
244,East London,34,ZA,1574712918,57,-33.02,27.91,68.18,12.62
245,Nuuk,40,GL,1574712919,65,64.17,-51.74,32.0,1.12
246,Belomorsk,100,RU,1574712921,92,64.52,34.76,29.32,10.89
247,Leningradskiy,100,RU,1574712922,79,69.38,178.42,3.02,13.44
248,Egvekinot,100,RU,1574712923,96,66.32,-179.17,6.48,7.76
249,Padang,100,ID,1574712924,96,-0.92,100.36,68.25,3.56
250,Iquique,97,CL,1574712925,53,-20.22,-70.14,73.4,19.46
251,Barberton,71,SZ,1574712926,94,-25.78,31.05,75.2,5.82
252,Molokovo,71,RU,1574712927,69,58.16,36.77,22.69,9.37
253,Linxia,0,CN,1574712928,66,35.6,103.21,25.52,0.74
254,Pekan,20,MY,1574712929,88,3.49,103.39,75.2,2.24
255,Codrington,2,AU,1574712930,93,-28.95,153.24,71.6,4.7
256,Severo-Yeniseyskiy,100,RU,1574712931,90,60.37,93.04,-4.27,8.08
257,Alekseyevka,100,RU,1574712932,85,53.25,50.49,12.2,4.47
258,Los Llanos de Aridane,20,ES,1574712877,63,28.66,-17.92,66.2,8.05
259,High Level,90,CA,1574712934,92,58.52,-117.13,17.6,9.17
260,Ulety,4,RU,1574712935,60,51.36,112.48,1.36,12.08
261,Baraboo,90,US,1574712936,65,43.47,-89.74,51.8,7.85
262,Klaksvik,100,FO,1574712938,87,62.23,-6.59,46.4,13.87
263,Santa Rosa,75,AR,1574712939,63,-36.62,-64.29,69.73,9.53
264,Nagyrabe,0,HU,1574712940,93,47.2,21.33,41.0,5.82
265,Beringovskiy,100,RU,1574712941,97,63.05,179.32,32.83,28.54
266,Harnosand,90,SE,1574712942,76,62.63,17.94,34.0,1.12
267,Huilong,100,CN,1574712943,85,31.15,106.5,46.85,3.04
268,Ploemeur,90,FR,1574712944,93,47.73,-3.43,54.0,8.05
269,Fuyang,87,CN,1574712945,52,32.89,115.81,39.76,8.32
270,Ngunguru,100,NZ,1574712946,84,-35.62,174.5,64.99,3.0
271,Wahiawa,20,US,1574712947,69,21.5,-158.02,84.2,16.11
272,Cap Malheureux,75,MU,1574712948,88,-19.98,57.61,78.01,6.93
273,Funehiki,94,JP,1574712949,74,37.43,140.58,44.01,3.78
274,Rio Brilhante,95,BR,1574712950,48,-21.8,-54.54,88.38,4.85
275,Corning,1,US,1574712709,53,42.14,-77.05,51.8,4.7
276,Ban Tak,1,TH,1574712953,89,17.04,99.08,64.94,2.64
277,Ribeira Brava,75,PT,1574712954,72,32.65,-17.07,68.0,3.36
278,Sao Filipe,0,CV,1574712955,77,14.9,-24.5,75.4,14.63
279,Tigil,35,RU,1574712956,77,57.8,158.67,17.15,12.55
280,Ust-Nera,97,RU,1574712957,95,64.57,143.24,-34.64,1.41
281,Tuktoyaktuk,90,CA,1574712958,77,69.44,-133.03,6.8,19.46
282,Mackenzie,20,CA,1574712959,92,55.34,-123.09,23.0,2.24
283,San Andres,100,PH,1574712960,88,13.32,122.68,77.31,12.66
284,Ixtapa,40,MX,1574712961,58,20.71,-105.21,86.0,6.93
285,Whitehorse,75,CA,1574712962,85,60.72,-135.06,17.01,0.81
286,Namestovo,75,SK,1574712963,100,49.41,19.48,39.99,1.12
287,Koslan,99,RU,1574712964,92,63.46,48.9,15.53,7.92
288,Jasper,20,US,1574712726,41,33.83,-87.28,64.99,4.7
289,Pitimbu,20,BR,1574712967,70,-7.47,-34.81,84.2,12.75
290,Walvis Bay,0,NA,1574712968,82,-22.95,14.51,61.0,9.17
291,Luchegorsk,0,RU,1574712969,90,46.44,134.3,7.21,4.74
292,Quatre Cocos,75,MU,1574712970,88,-20.21,57.76,78.01,6.93
293,Kudahuvadhoo,67,MV,1574712971,76,2.67,72.89,83.48,11.54
294,Kununurra,0,AU,1574712972,94,-15.77,128.74,71.6,1.95
295,Bubaque,0,GW,1574712973,74,11.28,-15.83,82.85,12.33
296,Lashio,1,MM,1574712974,93,22.93,97.75,58.39,2.26
297,Buchanan,20,LR,1574712975,94,5.88,-10.05,80.6,1.81
298,Matara,71,BI,1574712976,92,-3.48,29.48,57.27,2.15
299,Lorengau,19,PG,1574712977,77,-2.02,147.27,82.89,14.61
300,Kamuli,100,UG,1574712978,97,0.94,33.12,64.76,2.08
301,Tiznit,3,MA,1574712979,61,29.7,-9.73,62.74,0.96
302,Beloha,20,MG,1574712981,65,-25.17,45.06,74.89,3.69
303,Fairview,20,CA,1574712982,47,56.07,-118.38,33.8,14.99
304,Serowe,19,BW,1574712983,42,-22.4,26.7,77.97,8.84
305,Broadstairs,75,GB,1574712984,100,51.36,1.44,53.6,9.17
306,Prince Rupert,40,CA,1574712767,93,54.32,-130.32,37.4,8.05
307,Daru,41,PG,1574712986,85,-9.07,143.21,75.97,4.16
308,Souillac,75,FR,1574712987,93,45.6,-0.6,53.6,8.05
309,Khilok,88,RU,1574712988,83,51.36,110.46,-0.49,12.48
310,Kavaratti,100,IN,1574712989,75,10.57,72.64,82.96,9.26
311,Mount Isa,19,AU,1574712990,37,-20.73,139.49,68.0,3.36
312,Antigonish,90,CA,1574712910,86,45.62,-61.99,39.0,25.28
313,Parana,40,BR,1574712992,55,-7.52,-72.89,91.4,4.7
314,Mahanoro,100,MG,1574712993,84,-19.9,48.8,78.13,7.56
315,Santa Flavia,90,CL,1574712994,93,-51.55,-72.35,42.8,13.87
316,Jeremie,98,HT,1574712995,82,18.65,-74.12,74.62,3.87
317,Virginia Beach,1,US,1574712997,44,36.85,-75.98,60.8,10.29
318,Filadelfia,5,PY,1574712998,22,-22.35,-60.04,104.2,16.44
319,Palu,100,ID,1574712999,97,-0.9,119.87,67.66,2.57
320,Trzebiatow,90,PL,1574713000,100,54.06,15.26,36.0,5.82
321,Victor Harbor,40,AU,1574713001,58,-35.55,138.62,55.4,19.46
322,Caravelas,100,BR,1574713002,70,-17.73,-39.27,72.81,7.47
323,Avera,1,US,1574713003,39,33.19,-82.53,64.0,3.36
324,Bagdarin,0,RU,1574713004,84,54.44,113.59,-14.64,5.44
325,Zalari,0,RU,1574713005,94,53.57,102.52,-3.06,2.84
326,Neiafu,40,TO,1574713006,69,-18.65,-173.98,78.8,2.24
327,Karakol,5,KG,1574713008,39,42.49,78.39,15.96,6.2
328,Rjukan,100,NO,1574713009,94,59.88,8.59,32.0,1.95
329,Bilibino,100,RU,1574713010,86,68.06,166.44,-4.34,3.94
330,Lang Suan,100,TH,1574713011,91,9.95,99.07,74.41,3.47
331,Hurup,100,DK,1574713012,93,56.75,8.42,43.0,3.36
332,Santa Rosalia,20,IT,1574713013,93,38.07,13.27,57.0,6.93
333,Atyrau,0,KZ,1574713014,85,47.1,51.92,12.2,8.95
334,Andra,90,RU,1574713015,98,62.52,65.89,2.17,6.91
335,Aasiaat,100,GL,1574713016,63,68.71,-52.87,21.52,13.09
336,Pisco,0,PE,1574713017,30,-13.71,-76.2,72.0,21.92
337,Tazovskiy,100,RU,1574713018,93,67.47,78.7,7.03,15.86
338,Zuenoula,0,CI,1574713019,68,7.43,-6.04,78.75,2.66
339,Umm Kaddadah,0,SD,1574713020,11,13.6,26.69,73.85,11.05
340,Bugiri,100,UG,1574713021,96,0.57,33.75,65.41,5.53
341,Pacific Grove,1,US,1574712766,51,36.62,-121.92,66.0,4.7
342,Narasannapeta,0,IN,1574713024,90,18.42,84.04,67.33,4.68
343,Bridlington,100,GB,1574713025,93,54.08,-0.19,51.01,5.82
344,Aripuana,61,BR,1574713026,55,-9.17,-60.63,90.14,2.48
345,Vestmanna,100,FO,1574713027,87,62.16,-7.17,46.4,13.87
346,Florence,1,US,1574713028,39,34.2,-79.77,64.99,5.82
347,Sorland,78,NO,1574713029,100,67.67,12.69,41.0,3.36
348,Nantucket,1,US,1574712960,53,41.28,-70.1,51.8,9.17
349,Miraflores,75,PE,1574712790,45,-16.39,-71.52,62.6,9.17
350,Dingle,100,PH,1574713032,90,11.0,122.67,74.64,7.96
351,Ternate,75,PH,1574713033,78,14.29,120.72,81.0,3.36
352,Suntar,47,RU,1574713034,90,62.16,117.65,-21.96,7.27
353,Lata,0,IN,1574713035,41,30.78,78.62,17.02,5.79
354,Alyangula,75,AU,1574713036,78,-13.85,136.42,82.4,5.82
355,Mastic Beach,1,US,1574712956,66,40.77,-72.85,51.8,10.29
356,Iqaluit,75,CA,1574713038,79,63.75,-68.52,28.4,6.93
357,Port Elizabeth,1,US,1574713039,46,39.31,-74.98,55.4,6.93
358,Qasigiannguit,40,GL,1574713040,42,68.82,-51.19,30.2,4.7
359,Puerto Maldonado,100,PE,1574713042,54,-12.59,-69.19,89.89,0.78
360,Montepuez,63,MZ,1574713043,88,-13.13,39.0,74.07,7.65
361,Gwadar,100,PK,1574713044,52,25.12,62.33,73.45,24.4
362,Tanete,3,ID,1574713045,96,-3.94,119.78,72.52,0.72
363,Hualmay,0,PE,1574713046,63,-11.1,-77.61,72.09,9.57
364,Realeza,46,BR,1574713047,55,-25.77,-53.53,84.24,3.71
365,Samoded,100,RU,1574713048,85,63.61,40.52,26.74,6.98
366,Ishigaki,100,JP,1574713049,86,24.34,124.16,71.64,28.27
367,Alta Floresta,47,BR,1574713050,66,-9.87,-56.08,86.88,1.72
368,Burayevo,100,RU,1574713051,84,55.84,55.41,16.5,8.95
369,Ilam,40,IR,1574712969,56,33.64,46.42,44.6,4.7
370,Issenye,1,CM,1574713053,14,12.51,14.37,82.36,8.97
371,Iskateley,100,RU,1574713054,95,67.68,53.15,24.85,13.35
372,Sao Borja,24,BR,1574713055,49,-28.66,-56.0,91.92,0.96
373,Moose Factory,90,CA,1574713056,86,51.26,-80.61,30.2,5.82
374,Japura,91,ID,1574713057,98,-0.42,102.29,72.75,0.31
375,Comodoro Rivadavia,40,AR,1574713059,17,-45.87,-67.48,73.4,28.86
376,Limon,1,US,1574713060,51,39.26,-103.69,41.0,13.87
377,Marawi,0,PH,1574713061,92,8.0,124.29,73.99,5.01
378,Vestmannaeyjar,0,IS,1574713062,68,63.44,-20.27,39.69,8.75
379,Key Largo,1,US,1574712969,60,25.09,-80.45,80.01,5.82
380,Sitka,0,US,1574713064,37,37.17,-99.65,57.99,5.01
381,Magadan,0,RU,1574713065,86,59.56,150.8,-3.42,10.89
382,Mincivan,29,AZ,1574713066,83,39.03,46.72,29.19,0.76
383,Innisfail,65,AU,1574713067,78,-17.52,146.03,75.97,1.34
384,Bialystok,98,PL,1574712833,100,53.13,23.15,32.0,7.7
385,Muleba,100,TZ,1574713069,96,-1.84,31.66,60.37,1.99
386,Bambanglipuro,48,ID,1574713070,89,-7.95,110.28,75.27,2.71
387,Riyadh,0,SA,1574713030,72,24.63,46.72,62.6,4.7
388,Sola,96,TZ,1574713072,91,-3.17,33.8,63.63,5.23
389,Fairbanks,90,US,1574713073,92,64.84,-147.72,14.0,5.82
390,Ulladulla,72,AU,1574713074,100,-35.36,150.48,62.6,6.93
391,Talara,40,PE,1574713076,100,-4.58,-81.27,62.6,18.34
392,Seredka,57,RU,1574713077,65,58.06,38.14,23.41,8.1
393,Ponta do Sol,40,BR,1574713078,81,-20.63,-46.0,72.66,4.05
394,Batagay-Alyta,0,RU,1574713079,72,67.8,130.41,-29.81,3.58
395,Rantepao,44,ID,1574713080,91,-2.97,119.9,61.54,2.89
396,Asmar,100,AF,1574713081,59,35.03,71.36,41.85,5.57
397,High Rock,75,BS,1574713082,60,26.63,-78.28,73.4,12.75
398,Lasa,20,CY,1574713083,55,34.92,32.53,68.0,16.11
399,Tawau,75,MY,1574713084,94,4.26,117.89,75.2,2.24
400,Gemena,100,CD,1574713085,90,3.25,19.78,71.8,1.12
401,San-Pedro,2,CI,1574713086,73,4.75,-6.64,83.44,6.85
402,Tuatapere,100,NZ,1574713087,62,-46.13,167.69,64.0,8.01
403,Hun,40,BE,1574713088,87,50.34,4.87,48.99,10.29
404,Noumea,100,NC,1574712820,64,-22.28,166.46,77.0,2.24
405,Iralaya,40,HN,1574713091,74,15.0,-83.23,84.2,5.82
406,Maple Creek,58,CA,1574713095,73,49.91,-109.46,32.41,12.41
407,Boa Vista,40,BR,1574713096,49,2.82,-60.67,93.2,5.82
408,Chapais,90,CA,1574713097,86,49.78,-74.86,30.2,5.82
409,San Francisco,40,CO,1574712956,69,1.17,-76.88,73.4,6.93
410,Kongolo,7,CD,1574713100,96,-5.39,27.0,67.55,0.85
411,Camacupa,99,AO,1574713101,94,-12.02,17.48,65.08,3.62
412,Parabel,0,RU,1574713102,97,58.71,81.5,-2.31,4.47
413,Namibe,50,AO,1574713103,78,-15.19,12.15,71.96,2.59
414,Poum,90,MK,1574713104,81,41.28,20.71,46.4,4.7
415,Bhubaneswar,0,IN,1574713105,100,20.26,85.84,68.0,2.06
416,Mwinilunga,100,ZM,1574713106,95,-11.73,24.43,62.94,0.74
417,Chateau-Thierry,90,FR,1574713107,81,49.05,3.4,50.0,11.41
418,Westport,90,US,1574712840,57,41.14,-73.36,52.0,9.17
419,Csorna,75,HU,1574713109,93,47.61,17.25,44.6,4.29
420,Eisenberg,100,DE,1574713110,93,50.97,11.9,39.99,3.36
421,Sao Joao da Barra,75,BR,1574713111,60,-21.64,-41.05,75.2,4.7
422,Norwich,90,GB,1574713112,100,52.63,1.29,51.01,9.17
423,Zalantun,95,CN,1574713113,66,48.0,122.72,8.87,3.04
424,Banepa,75,NP,1574713115,87,27.63,85.52,57.2,2.24
425,Wajir,100,KE,1574713116,91,1.75,40.07,74.39,6.91
426,Katsuura,75,JP,1574713117,58,33.93,134.5,55.4,20.8
427,Gizo,0,IL,1574713118,33,31.8,34.94,70.0,2.24
428,Kurilsk,88,RU,1574713119,74,45.23,147.88,29.07,13.85
429,Maues,40,BR,1574713120,50,-3.38,-57.72,91.38,2.59
430,Kirillov,100,RU,1574713121,92,59.86,38.38,14.0,2.24
431,Darnah,0,LY,1574713122,68,32.77,22.64,66.47,24.67
432,Awbari,0,LY,1574713123,41,26.59,12.77,61.54,3.27
433,San Ramon,75,NI,1574713124,69,12.92,-85.84,73.4,18.34
434,Charcas,4,MX,1574713125,23,23.13,-101.11,75.42,6.64
435,Bud,75,NO,1574713126,86,62.91,6.91,39.2,5.82
436,El Dorado,20,TT,1574713127,88,10.65,-61.37,82.0,10.29
437,Lagos,20,NG,1574712922,83,6.46,3.39,84.2,9.17
438,Texarkana,1,US,1574712917,56,33.44,-94.04,71.01,12.75
439,Teguise,40,ES,1574713130,72,29.06,-13.56,68.0,12.75
440,Rumoi,100,JP,1574713132,65,43.93,141.67,33.12,7.81
441,Corinto,40,CO,1574713133,49,3.17,-76.26,89.6,11.41
442,Hobyo,100,SO,1574713134,80,5.35,48.53,79.5,15.59
443,Zhoucheng,36,CN,1574713135,81,31.35,119.33,42.8,6.71
444,Panjakent,0,UZ,1574713136,92,39.5,67.61,24.8,4.7
445,Kabalo,51,CD,1574713137,92,-6.05,26.92,67.19,1.1
446,Novikovo,0,RU,1574713138,42,51.15,37.89,20.66,9.17
447,Gweta,33,BW,1574713139,30,-20.21,25.26,87.37,4.07
448,Stephenville Crossing,90,CA,1574713140,81,48.5,-58.44,42.8,25.28
449,Ust-Uda,1,RU,1574713141,96,54.17,103.03,-3.82,3.15
450,Kongoussi,0,BF,1574713142,15,13.32,-1.53,84.31,8.57
451,Marrakesh,0,MA,1574713143,55,31.63,-7.99,66.2,2.24
452,Karasburg,0,NA,1574713144,10,-28.01,18.75,68.13,2.82
453,Monrovia,20,LR,1574713145,94,6.33,-10.8,78.8,3.69
454,Pathein,0,MM,1574713146,78,16.78,94.73,72.37,4.29
455,Pandan,90,PH,1574713147,75,11.72,122.09,82.13,16.67
456,Udachnyy,100,RU,1574713149,82,66.42,112.4,-16.6,2.24
457,Kiunga,32,PG,1574713150,91,-6.12,141.3,71.38,1.28
458,Bonfim,55,GY,1574713151,47,3.36,-59.84,92.19,7.56
459,Lahaina,20,US,1574713152,58,20.87,-156.68,84.2,27.2
460,Sambava,100,MG,1574713153,95,-14.27,50.17,71.71,1.88
461,Liverpool,75,GB,1574713154,100,53.41,-2.98,52.0,10.29
462,Fortuna,75,US,1574713155,66,40.6,-124.16,55.0,13.87
463,Maldonado,90,UY,1574713156,64,-34.91,-54.96,69.8,13.87
464,Menongue,72,AO,1574713157,83,-14.66,17.68,65.32,1.23
465,Vilhena,20,BR,1574713158,70,-12.74,-60.15,84.2,6.93
466,Santa Lucia,0,IT,1574713159,87,41.98,12.66,57.2,4.7
467,Bogotol,0,RU,1574713160,92,56.21,89.53,-0.56,3.8
468,Great Bend,1,US,1574713161,32,38.36,-98.78,57.2,17.22
469,Tres Arroyos,96,AR,1574713162,80,-38.38,-60.28,63.16,9.06
470,Kirakira,1,SB,1574713163,74,-10.46,161.92,79.92,3.91
471,San Antonio,0,CL,1574713103,42,-33.58,-71.61,66.2,17.22
472,Cabo San Lucas,20,MX,1574713166,65,22.89,-109.91,84.0,5.82
473,Kulhudhuffushi,64,MV,1574713167,80,6.62,73.07,82.99,14.81
474,Namatanai,88,PG,1574713168,71,-3.66,152.44,82.78,14.43
475,Kumluca,100,TR,1574713169,86,36.37,30.29,57.72,13.67
476,Marevo,90,BA,1574713170,93,43.57,18.7,42.8,1.12
477,Inyonga,79,TZ,1574713171,97,-6.72,32.06,62.51,1.41
478,Dwarka,40,IN,1574713172,64,28.58,77.04,75.99,4.7
479,Inirida,100,CO,1574713173,88,3.87,-67.92,82.56,2.13
480,Zhuanghe,100,CN,1574713174,37,39.7,122.97,32.36,1.9
481,Teguldet,89,RU,1574713175,98,57.31,88.17,-0.62,3.6
482,Saint Anthony,1,US,1574713177,31,43.97,-111.68,35.6,9.17
483,Mojokerto,52,ID,1574713178,83,-7.46,112.43,76.77,1.34
484,Nettuno,0,IT,1574713179,87,41.46,12.66,57.2,4.7
485,Nokha,25,IN,1574713180,48,27.56,73.47,68.68,6.6
486,Mao,20,DO,1574712949,45,19.55,-71.08,87.8,6.93
487,Pangnirtung,90,CA,1574713182,74,66.15,-65.72,30.2,10.29
488,Berekua,75,DM,1574713183,84,15.23,-61.32,86.0,2.24
489,Brigantine,1,US,1574713010,58,39.41,-74.36,55.4,9.17
490,Takoradi,7,GH,1574713185,82,4.89,-1.75,81.39,9.84
491,Aylmer,75,CA,1574713186,81,42.77,-80.98,45.0,9.17
492,Pijijiapan,0,MX,1574713187,63,15.69,-93.21,84.18,5.66
493,Kokopo,100,PG,1574713188,74,-4.34,152.27,82.38,22.28
494,Khani,0,GE,1574713189,37,41.96,42.96,50.0,23.04
495,Vyshhorod,90,UA,1574713190,79,50.58,30.49,28.0,4.47
496,Zamora,40,ES,1574713191,93,41.51,-5.74,50.0,6.93
497,North Platte,1,US,1574713192,20,41.12,-100.77,53.6,10.29
498,Ratnagiri,89,IN,1574713193,64,16.98,73.3,68.85,3.02
499,Murakami,100,JP,1574713195,80,38.29,139.58,41.58,9.48
500,Nagayo,98,JP,1574713196,77,32.82,129.89,59.0,18.34
501,Smithers,75,CA,1574713197,92,54.78,-127.17,24.8,3.36
502,Urusha,100,RU,1574713198,91,54.05,122.9,-14.6,1.95
503,Birjand,64,IR,1574713199,86,32.86,59.22,33.8,4.7
504,Presidencia Roque Saenz Pena,59,AR,1574712948,28,-26.79,-60.44,100.83,7.58
505,Port Keats,4,AU,1574713201,66,-14.25,129.55,79.41,2.15
506,Pangai,40,TO,1574713202,65,-19.8,-174.35,77.0,6.93
507,Isangel,87,VU,1574713203,78,-19.55,169.27,71.6,3.36
508,Rioja,4,PE,1574713204,87,-6.06,-77.17,75.38,1.5
509,Salym,69,RU,1574713205,97,60.06,71.48,1.04,5.79
510,Mareeba,75,AU,1574713206,88,-16.99,145.42,75.0,1.57
511,Olovyannaya,64,RU,1574713207,74,50.94,115.59,6.51,17.09
512,Honningsvag,75,NO,1574713208,80,70.98,25.97,33.8,4.7
513,Hay River,90,CA,1574713209,85,60.82,-115.79,14.0,4.7
514,Nabire,68,ID,1574713210,91,-3.36,135.5,69.42,2.19
515,Klyuchi,100,RU,1574713212,95,52.25,79.17,11.95,3.56
516,Catuday,67,PH,1574713213,77,16.29,119.81,80.31,15.64
517,Atar,0,MR,1574713214,28,20.52,-13.05,71.4,3.62
518,Camara de Lobos,75,PT,1574713215,72,32.63,-16.97,68.0,3.36
519,Upington,0,ZA,1574713216,13,-28.46,21.24,77.0,1.12
520,Naze,75,NG,1574713217,88,5.43,7.07,80.6,4.7
521,Rodotopion,91,GR,1574713218,100,39.71,20.73,45.0,2.24
522,Krasnoyarsk,5,RU,1574713219,83,56.01,92.87,-14.8,2.73
523,Ballina,90,IE,1574713220,100,54.11,-9.15,48.99,5.82
524,Saldanha,100,PT,1574713221,95,41.42,-6.55,48.94,5.28
525,Cockburn Town,0,TC,1574713223,63,21.46,-71.14,81.39,5.28
526,Bruntal,40,CZ,1574713224,100,49.99,17.46,48.0,1.12
527,Saint-Augustin,75,CA,1574713225,87,45.63,-73.98,43.0,5.82
528,Mpulungu,94,ZM,1574713226,93,-8.77,31.12,61.43,1.54
529,Kruisfontein,40,ZA,1574713227,93,-34.0,24.73,58.96,10.92
530,Kontagora,0,NG,1574713228,30,10.4,5.47,80.19,3.2
531,Nuevitas,20,CU,1574713229,48,21.55,-77.27,84.2,3.36
532,Aranos,0,NA,1574713230,8,-24.14,19.11,79.3,13.11
533,Jinchang,38,CN,1574713231,49,38.52,102.19,23.22,2.1
534,Cadillac,1,US,1574713088,70,44.25,-85.4,50.0,6.93
535,Narsaq,5,GL,1574713233,49,60.91,-46.05,24.8,3.36
536,Guadalupe y Calvo,92,MX,1574713234,42,26.09,-106.96,61.34,9.42
537,Arroio do Meio,94,BR,1574713235,58,-29.4,-51.94,82.99,1.99
538,Dakoro,11,NE,1574713236,14,14.51,6.76,83.34,8.86
539,Vallenar,0,CL,1574713238,36,-28.58,-70.76,73.6,8.28
540,Victoria Point,83,AU,1574713239,82,-27.58,153.3,77.0,3.36
541,Saint-Francois,90,FR,1574713240,81,46.42,3.91,48.2,2.24
542,Maua,100,KE,1574713241,93,0.23,37.94,66.87,4.61
543,Picton,32,AU,1574713219,93,-34.17,150.61,75.0,8.05
544,Yar-Sale,100,RU,1574713243,90,66.83,70.83,12.54,15.79
545,Mustang,0,US,1574713073,51,35.38,-97.72,66.0,8.05
546,Ornskoldsvik,90,SE,1574713233,93,63.29,18.72,32.0,3.36
547,Grand Gaube,75,MU,1574713246,88,-20.01,57.66,78.01,6.93
548,Varhaug,75,NO,1574713247,87,58.61,5.65,46.0,2.24
549,Acari,91,BR,1574713248,50,-6.44,-36.64,83.98,17.09
550,Kahului,1,US,1574713249,54,20.89,-156.47,82.4,6.93
551,Omboue,100,GA,1574713250,95,-1.57,9.26,75.79,2.57
552,Pakxan,0,LA,1574713251,82,18.39,103.66,62.71,5.06
553,Scarborough,100,GB,1574713253,93,54.28,-0.41,51.01,5.82
554,Salalah,75,OM,1574713254,69,17.01,54.1,80.6,12.75
555,Paamiut,0,GL,1574713255,48,61.99,-49.67,33.15,7.81
556,Bonavista,100,CA,1574713256,85,48.65,-53.11,37.0,8.01
557,Christchurch,37,NZ,1574713257,82,-43.53,172.64,63.0,11.41
558,Launceston,90,AU,1574713228,93,-41.43,147.14,54.0,1.12
559,Hovd,100,NO,1574713259,100,63.83,10.7,41.0,2.24
560,Berezovka,23,RU,1574713260,36,55.71,42.61,22.05,5.1
561,Zyryanskoye,57,RU,1574713261,98,56.83,86.62,-2.49,2.77
562,Subiaco,0,AU,1574713262,45,-31.95,115.83,64.4,9.17
563,Nantong,32,CN,1574713263,78,31.98,120.89,43.0,1.01
564,Tartagal,20,AR,1574713264,63,-22.52,-63.8,93.2,9.17
565,Svetlogorsk,90,RU,1574713265,85,53.14,59.15,10.4,2.24
566,Buala,99,SB,1574713266,76,-8.15,159.59,80.6,2.51
567,Yenagoa,100,NG,1574713268,93,4.92,6.26,76.44,4.68
568,Port-Cartier,90,CA,1574713269,92,50.03,-66.88,33.01,5.82
569,Panguna,63,PG,1574713270,89,-6.32,155.48,72.16,3.02
570,Champerico,20,MX,1574713271,54,16.38,-93.6,84.2,4.7
571,Izvoarele,98,RO,1574713272,82,45.55,27.77,42.67,9.01
572,Lufilufi,40,WS,1574713273,79,-13.87,-171.6,84.2,3.36
573,Monroe,1,US,1574713102,58,41.91,-83.4,55.4,8.05
574,Empangeni,0,ZA,1574713275,75,-28.75,31.9,71.22,4.36
575,Roseville,40,US,1574713205,70,42.5,-82.94,50.0,6.93
